filename,length,chroma_stft_mean,chroma_stft_var,rms_mean,rms_var,spectral_centroid_mean,spectral_centroid_var,spectral_bandwidth_mean,spectral_bandwidth_var,rolloff_mean,rolloff_var,zero_crossing_rate_mean,zero_crossing_rate_var,harmony_mean,harmony_var,perceptr_mean,perceptr_var,tempo,mfcc1_mean,mfcc1_var,mfcc2_mean,mfcc2_var,mfcc3_mean,mfcc3_var,mfcc4_mean,mfcc4_var,mfcc5_mean,mfcc5_var,mfcc6_mean,mfcc6_var,mfcc7_mean,mfcc7_var,mfcc8_mean,mfcc8_var,mfcc9_mean,mfcc9_var,mfcc10_mean,mfcc10_var,mfcc11_mean,mfcc11_var,mfcc12_mean,mfcc12_var,mfcc13_mean,mfcc13_var,mfcc14_mean,mfcc14_var,mfcc15_mean,mfcc15_var,mfcc16_mean,mfcc16_var,mfcc17_mean,mfcc17_var,mfcc18_mean,mfcc18_var,mfcc19_mean,mfcc19_var,mfcc20_mean,mfcc20_var,label
blues.00000.wav,661794,0.35008812,0.088756569,0.130227923,0.002826696,1784.16585,129774.0645,2002.44906,85882.76132,3805.839606,901505.4255,0.083044821,0.000766946,-4.53E-05,0.008172282,7.78E-06,0.005698182,123.046875,-113.5706482,2564.20752,121.5717926,295.9138184,-19.16814232,235.5744324,42.36642075,151.1068726,-6.364664078,167.9347992,18.62349892,89.18083954,-13.7048912,67.66049194,15.34315014,68.93257904,-12.27410984,82.20420074,10.97657204,63.38631058,-8.326573372,61.77309418,8.803792,51.24412537,-3.6723001,41.21741486,5.7479949,40.55447769,-5.162881851,49.77542114,0.752740204,52.42090988,-1.690214634,36.52407074,-0.408979177,41.59710312,-2.303522587,55.06292343,1.221290708,46.93603516,blues
